{"arrayOfObjects":[{"vertices":[321.40625,228,331.40625,332,294.40625,245,294.40625,134,323.40625,89,340.40625,92],"colors":[0.9411764705882353,0.9568627450980393,0.16470588235294117,1,0.9411764705882353,0.9568627450980393,0.16470588235294117,1,0.9411764705882353,0.9568627450980393,0.16470588235294117,1,0.9411764705882353,0.9568627450980393,0.16470588235294117,1,0.9411764705882353,0.9568627450980393,0.16470588235294117,1,0.9411764705882353,0.9568627450980393,0.16470588235294117,1,0.9411764705882353,0.9568627450980393,0.16470588235294117,1,0.9411764705882353,0.9568627450980393,0.16470588235294117,1,0.9411764705882353,0.9568627450980393,0.16470588235294117,1,0.9411764705882353,0.9568627450980393,0.16470588235294117,1,0.9411764705882353,0.9568627450980393,0.16470588235294117,1,0.9411764705882353,0.9568627450980393,0.16470588235294117,1],"shape":"polygon","mode":6},{"vertices":[329.40625,95,483.40625,87,497.40625,109,337.40625,118],"colors":[0.9411764705882353,0.9568627450980393,0.16470588235294117,1,0.9411764705882353,0.9568627450980393,0.16470588235294117,1,0.9411764705882353,0.9568627450980393,0.16470588235294117,1,0.9411764705882353,0.9568627450980393,0.16470588235294117,1,0.9411764705882353,0.9568627450980393,0.16470588235294117,1,0.9411764705882353,0.9568627450980393,0.16470588235294117,1,0.9411764705882353,0.9568627450980393,0.16470588235294117,1,0.9411764705882353,0.9568627450980393,0.16470588235294117,1],"shape":"polygon","mode":6},{"vertices":[482.40625,96,498.40625,113,512.40625,316,501.40625,300,493.40625,256,493.40625,223,484.40625,175,480.40625,166,477.40625,143,471.40625,132,466.40625,124,460.40625,118,456.40625,114,451.40625,111],"colors":[0.9411764705882353,0.9568627450980393,0.16470588235294117,1,0.9411764705882353,0.9568627450980393,0.16470588235294117,1,0.9411764705882353,0.9568627450980393,0.16470588235294117,1,0.9411764705882353,0.9568627450980393,0.16470588235294117,1,0.9411764705882353,0.9568627450980393,0.16470588235294117,1,0.9411764705882353,0.9568627450980393,0.16470588235294117,1,0.9411764705882353,0.9568627450980393,0.16470588235294117,1,0.9411764705882353,0.9568627450980393,0.16470588235294117,1,0.9411764705882353,0.9568627450980393,0.16470588235294117,1,0.9411764705882353,0.9568627450980393,0.16470588235294117,1,0.9411764705882353,0.9568627450980393,0.16470588235294117,1,0.9411764705882353,0.9568627450980393,0.16470588235294117,1,0.9411764705882353,0.9568627450980393,0.16470588235294117,1,0.9411764705882353,0.9568627450980393,0.16470588235294117,1,0.9411764705882353,0.9568627450980393,0.16470588235294117,1,0.9411764705882353,0.9568627450980393,0.16470588235294117,1,0.9411764705882353,0.9568627450980393,0.16470588235294117,1,0.9411764705882353,0.9568627450980393,0.16470588235294117,1,0.9411764705882353,0.9568627450980393,0.16470588235294117,1,0.9411764705882353,0.9568627450980393,0.16470588235294117,1,0.9411764705882353,0.9568627450980393,0.16470588235294117,1,0.9411764705882353,0.9568627450980393,0.16470588235294117,1,0.9411764705882353,0.9568627450980393,0.16470588235294117,1,0.9411764705882353,0.9568627450980393,0.16470588235294117,1,0.9411764705882353,0.9568627450980393,0.16470588235294117,1,0.9411764705882353,0.9568627450980393,0.16470588235294117,1,0.9411764705882353,0.9568627450980393,0.16470588235294117,1,0.9411764705882353,0.9568627450980393,0.16470588235294117,1],"shape":"polygon","mode":6},{"vertices":[415.40625,94,424.40625,206,419.40625,217,409.40625,206,404.40625,187,403.40625,175,403.40625,165,402.40625,150,401.40625,145,398.40625,136,398.40625,132,397.40625,128,397.40625,119,397.40625,117,399.40625,111,399.40625,102,399.40625,101,402.40625,98,405.40625,96,405.40625,96],"colors":[0.9411764705882353,0.9568627450980393,0.16470588235294117,1,0.9411764705882353,0.9568627450980393,0.16470588235294117,1,0.9411764705882353,0.9568627450980393,0.16470588235294117,1,0.9411764705882353,0.9568627450980393,0.16470588235294117,1,0.9411764705882353,0.9568627450980393,0.16470588235294117,1,0.9411764705882353,0.9568627450980393,0.16470588235294117,1,0.9411764705882353,0.9568627450980393,0.16470588235294117,1,0.9411764705882353,0.9568627450980393,0.16470588235294117,1,0.9411764705882353,0.9568627450980393,0.16470588235294117,1,0.9411764705882353,0.9568627450980393,0.16470588235294117,1,0.9411764705882353,0.9568627450980393,0.16470588235294117,1,0.9411764705882353,0.9568627450980393,0.16470588235294117,1,0.9411764705882353,0.9568627450980393,0.16470588235294117,1,0.9411764705882353,0.9568627450980393,0.16470588235294117,1,0.9411764705882353,0.9568627450980393,0.16470588235294117,1,0.9411764705882353,0.9568627450980393,0.16470588235294117,1,0.9411764705882353,0.9568627450980393,0.16470588235294117,1,0.9411764705882353,0.9568627450980393,0.16470588235294117,1,0.9411764705882353,0.9568627450980393,0.16470588235294117,1,0.9411764705882353,0.9568627450980393,0.16470588235294117,1,0.9411764705882353,0.9568627450980393,0.16470588235294117,1,0.9411764705882353,0.9568627450980393,0.16470588235294117,1,0.9411764705882353,0.9568627450980393,0.16470588235294117,1,0.9411764705882353,0.9568627450980393,0.16470588235294117,1,0.9411764705882353,0.9568627450980393,0.16470588235294117,1,0.9411764705882353,0.9568627450980393,0.16470588235294117,1,0.9411764705882353,0.9568627450980393,0.16470588235294117,1,0.9411764705882353,0.9568627450980393,0.16470588235294117,1,0.9411764705882353,0.9568627450980393,0.16470588235294117,1,0.9411764705882353,0.9568627450980393,0.16470588235294117,1,0.9411764705882353,0.9568627450980393,0.16470588235294117,1,0.9411764705882353,0.9568627450980393,0.16470588235294117,1,0.9411764705882353,0.9568627450980393,0.16470588235294117,1,0.9411764705882353,0.9568627450980393,0.16470588235294117,1,0.9411764705882353,0.9568627450980393,0.16470588235294117,1,0.9411764705882353,0.9568627450980393,0.16470588235294117,1,0.9411764705882353,0.9568627450980393,0.16470588235294117,1,0.9411764705882353,0.9568627450980393,0.16470588235294117,1,0.9411764705882353,0.9568627450980393,0.16470588235294117,1,0.9411764705882353,0.9568627450980393,0.16470588235294117,1],"shape":"polygon","mode":6},{"vertices":[355.40625,210,392.40625,207],"colors":[0,0,0,1,0,0,0,1],"mode":1,"shape":"line"},{"vertices":[359.40625,214,380.40625,213],"colors":[0,0,0,1,0,0,0,1],"mode":1,"shape":"line"},{"vertices":[361.40625,217,378.40625,217],"colors":[0,0,0,1,0,0,0,1],"mode":1,"shape":"line"},{"vertices":[441.40625,204,477.40625,202],"colors":[0,0,0,1,0,0,0,1],"mode":1,"shape":"line"},{"vertices":[441.40625,208,460.40625,207],"colors":[0,0,0,1,0,0,0,1],"mode":1,"shape":"line"},{"vertices":[444.40625,216,459.40625,214],"colors":[0,0,0,1,0,0,0,1],"mode":1,"shape":"line"},{"vertices":[446.40625,216,458.40625,214],"colors":[0,0,0,1,0,0,0,1],"mode":1,"shape":"line"},{"vertices":[446.40625,215,460.40625,214],"colors":[0,0,0,1,0,0,0,1],"mode":1,"shape":"line"},{"vertices":[445.40625,213,457.40625,213],"colors":[0,0,0,1,0,0,0,1],"mode":1,"shape":"line"},{"vertices":[392.40625,288,431.40625,285],"colors":[0,0,0,1,0,0,0,1],"mode":1,"shape":"line"},{"vertices":[345.40625,104,350.40625,59,426.40625,28],"colors":[0.9921568627450981,0.5058823529411764,0.5058823529411764,1,0.9921568627450981,0.5058823529411764,0.5058823529411764,1,0.9921568627450981,0.5058823529411764,0.5058823529411764,1,0.9921568627450981,0.5058823529411764,0.5058823529411764,1,0.9921568627450981,0.5058823529411764,0.5058823529411764,1,0.9921568627450981,0.5058823529411764,0.5058823529411764,1],"shape":"polygon","mode":6},{"vertices":[350.40625,107,381.40625,100,422.40625,33,348.40625,98],