{"arrayOfObjects":[{"vertices":[419.40625,128,260.40625,276,355.40625,431,571.40625,386,630.40625,194],"colors":[0,0.3254901960784314,0.9803921568627451,1,0,0.3254901960784314,0.9803921568627451,1,0,0.3254901960784314,0.9803921568627451,1,0,0.3254901960784314,0.9803921568627451,1,0,0.3254901960784314,0.9803921568627451,1,0,0.3254901960784314,0.9803921568627451,1,0,0.3254901960784314,0.9803921568627451,1,0,0.3254901960784314,0.9803921568627451,1,0,0.3254901960784314,0.9803921568627451,1,0,0.3254901960784314,0.9803921568627451,1],"shape":"polygon","mode":6},{"vertices":[716.40625,63,825.40625,55,907.40625,159,860.40625,258,741.40625,269,683.40625,180],"colors":[0.9803921568627451,0,0.09803921568627451,1,0.9803921568627451,0,0.09803921568627451,1,0.9803921568627451,0,0.09803921568627451,1,0.9803921568627451,0,0.09803921568627451,1,0.9803921568627451,0,0.09803921568627451,1,0.9803921568627451,0,0.09803921568627451,1,0.9803921568627451,0,0.09803921568627451,1,0.9803921568627451,0,0.09803921568627451,1,0.9803921568627451,0,0.09803921568627451,1,0.9803921568627451,0,0.09803921568627451,1,0.9803921568627451,0,0.09803921568627451,1,0.9803921568627451,0,0.09803921568627451,1],"shape":"polygon","mode":6},{"vertices":[474.40625,29,647.40625,25,668.40625,149,472.40625,39,478.40625,39,470.40625,38,476.40625,49,477.40625,35,480.40625,37,481.40625,37,485.40625,29,485.40625,40,474.40625,40,481.40625,40,481.40625,40,481.40625,40,481.40625,40],"colors":[0.9411764705882353,0.9568627450980393,0.043137254901960784,1,0.9411764705882353,0.9568627450980393,0.043137254901960784,1,0.9411764705882353,0.9568627450980393,0.043137254901960784,1,0.9411764705882353,0.9568627450980393,0.043137254901960784,1,0.9411764705882353,0.9568627450980393,0.043137254901960784,1,0.9411764705882353,0.9568627450980393,0.043137254901960784,1,0.9411764705882353,0.9568627450980393,0.043137254901960784,1,0.9411764705882353,0.9568627450980393,0.043137254901960784,1,0.9411764705882353,0.9568627450980393,0.043137254901960784,1,0.9411764705882353,0.9568627450980393,0.043137254901960784,1,0.9411764705882353,0.9568627450980393,0.043137254901960784,1,0.9411764705882353,0.9568627450980393,0.043137254901960784,1,0.9411764705882353,0.9568627450980393,0.043137254901960784,1,0.9411764705882353,0.9568627450980393,0.043137254901960784,1,0.9411764705882353,0.9568627450980393,0.043137254901960784,1,0.9411764705882353,0.9568627450980393,0.043137254901960784,1,0.9411764705882353,0.9568627450980393,0.043137254901960784,1,0.9411764705882353,0.9568627450980393,0.043137254901960784,1,0.9411764705882353,0.9568627450980393,0.043137254901960784,1,0.9411764705882353,0.9568627450980393,0.043137254901960784,1,0.9411764705882353,0.9568627450980393,0.043137254901960784,1,0.9411764705882353,0.9568627450980393,0.043137254901960784,1,0.9411764705882353,0.9568627450980393,0.043137254901960784,1,0.9411764705882353,0.9568627450980393,0.043137254901960784,1,0.9411764705882353,0.9568627450980393,0.043137254901960784,1,0.9411764705882353,0.9568627450980393,0.043137254901960784,1,0.9411764705882353,0.9568627450980393,0.043137254901960784,1,0.9411764705882353,0.9568627450980393,0.043137254901960784,1],"shape":"polygon","mode":6},{"vertices":[],"colors":[],"mode":2,"shape":"square"}],"idxNow":3}