{"arrayOfObjects":[{"vertices":[379.40625,70,402.40625,64,425.40625,64,455.40625,68,480.40625,78,484.40625,101,485.40625,135,482.40625,167,465.40625,194,447.40625,209,406.40625,219,383.40625,209,365.40625,181,359.40625,140,358.40625,108,364.40625,88],"colors":[0.9098039215686274,0.8627450980392157,0.6901960784313725,1,0.9098039215686274,0.8627450980392157,0.6901960784313725,1,0.9098039215686274,0.8627450980392157,0.6901960784313725,1,0.9098039215686274,0.8627450980392157,0.6901960784313725,1,0.9098039215686274,0.8627450980392157,0.6901960784313725,1,0.9098039215686274,0.8627450980392157,0.6901960784313725,1,0.9098039215686274,0.8627450980392157,0.6901960784313725,1,0.9098039215686274,0.8627450980392157,0.6901960784313725,1,0.9098039215686274,0.8627450980392157,0.6901960784313725,1,0.9098039215686274,0.8627450980392157,0.6901960784313725,1,0.9098039215686274,0.8627450980392157,0.6901960784313725,1,0.9098039215686274,0.8627450980392157,0.6901960784313725,1,0.9098039215686274,0.8627450980392157,0.6901960784313725,1,0.9098039215686274,0.8627450980392157,0.6901960784313725,1,0.9098039215686274,0.8627450980392157,0.6901960784313725,1,0.9098039215686274,0.8627450980392157,0.6901960784313725,1,0.9098039215686274,0.8627450980392157,0.6901960784313725,1,0.9098039215686274,0.8627450980392157,0.6901960784313725,1,0.9098039215686274,0.8627450980392157,0.6901960784313725,1,0.9098039215686274,0.8627450980392157,0.6901960784313725,1,0.9098039215686274,0.8627450980392157,0.6901960784313725,1,0.9098039215686274,0.8627450980392157,0.6901960784313725,1,0.9098039215686274,0.8627450980392157,0.6901960784313725,1,0.9098039215686274,0.8627450980392157,0.6901960784313725,1,0.9098039215686274,0.8627450980392157,0.6901960784313725,1,0.9098039215686274,0.8627450980392157,0.6901960784313725,1,0.9098039215686274,0.8627450980392157,0.6901960784313725,1,0.9098039215686274,0.8627450980392157,0.6901960784313725,1,0.9098039215686274,0.8627450980392157,0.6901960784313725,1,0.9098039215686274,0.8627450980392157,0.6901960784313725,1,0.9098039215686274,0.8627450980392157,0.6901960784313725,1,0.9098039215686274,0.8627450980392157,0.6901960784313725,1],"shape":"polygon","mode":6},{"vertices":[380.40625,105,384.40625,102,393.40625,99,398.40625,98,404.40625,98,409.40625,100,412.40625,103,415.40625,107,416.40625,108,415.40625,112,412.40625,114,405.40625,113,401.40625,112,397.40625,112,389.40625,110,386.40625,110,383.40625,110],"colors":[1,1,1,1,1,1,1,1,1,1,1,1,1,1,1,1,1,1,1,1,1,1,1,1,1,1,1,1,1,1,1,1,1,1,1,1,1,1,1,1,1,1,1,1,1,1,1,1,1,1,1,1,1,1,1,1,1,1,1,1,1,1,1,1,1,1,1,1,1,1,1,1,1,1,1,1,1,1,1,1,1,1,1,1,1,1,1,1,1,1,1,1,1,1,1,1,1,1,1,1,1,1,1,1,1,1,1,1,1,1,1,1,1,1,1,1,1,1,1,1,1,1,1,1,1,1,1,1,1,1,1,1,1,1,1,1],"shape":"polygon","mode":6},{"vertices":[382.40625,105,382.40625,105,383.40625,100],"colors":[1,1,1,1,1,1,1,1,1,1,1,1,1,1,1,1,1,1,1,1,1,1,1,1],"shape":"polygon","mode":6},{"vertices":[430.40625,106,438.40625,94,445.40625,94,455.40625,93,461.40625,93,465.40625,97,468.40625,103,468.40625,106,463.40625,108,461.40625,108,455.40625,109,451.40625,109,445.40625,108,440.40625,106],"colors":[1,1,1,1,1,1,1,1,1,1,1,1,1,1,1,1,1,1,1,1,1,1,1,1,1,1,1,1,1,1,1,1,1,1,1,1,1,1,1,1,1,1,1,1,1,1,1,1,1,1,1,1,1,1,1,1,1,1,1,1,1,1,1,1,1,1,1,1,1,1,1,1,1,1,1,1,1,1,1,1,1,1,1,1,1,1,1,1,1,1,1,1,1,1,1,1,1,1,1,1,1,1,1,1,1,1,1,1,1,1,1,1],"shape":"polygon","mode":6},{"vertices":[435.40625,102,433.40625,103,435.40625,105],"colors":[1,1,1,1,1,1,1,1,1,1,1,1,1,1,1,1,1,1,1,1,1,1,1,1],"shape":"polygon","mode":6},{"vertices":[399.40625,94,393.40625,100,393.40625,104,395.40625,109,398.40625,111,401.40625,111,394.40625,110,403.40625,110,402.40625,99],"colors":[0,0,0,1,0,0,0,1,0,0,0,1,0,0,0,1,0,0,0,1,0,0,0,1,0,0,0,1,0,0,0,1,0,0,0,1,0,0,0,1,0,0,0,1,0,0,0,1,0,0,0,1,0,0,0,1,0,0,0,1,0,0,0,1,0,0,0,1,0,0,0,1],"shape":"polygon","mode":6},{"vertices":[453.40625,89,450.40625,99,450.40625,107,452.40625,109,458.40625,108,458.40625,100,459.40625,94],"colors":[0,0,0,1,0,0,0,1,0,0,0,1,0,0,0,1,0,0,0,1,0,0,0,1,0,0,0,1,0,0,0,1,0,0,0,1,0,0,0,1,0,0,0,1,0,0,0,1,0,0,0,1,0,0,0,1],"shape":"polygon","mode":6},{"vertices":[395.40625,162,428.40625,158,453.40625,165,424.40625,171],"colors":[0.9176470588235294,0.36470588235294116,0.36470588235294116,1,0.9176470588235294,0.36470588235294116,0.36470588235294116,1,0.9176470588235294,0.36470588235294116,0.36470588235294116,1,0.9176470588235294,0.36470588235294116,0.36470588235294116,1,0.9176470588235294,0.36470588235294116,0.36470588235294116,1,0.9176470588235294,0.36470588235294116,0.36470588235294116,1,0.9176470588235294,0.36470588235294116,0.36470588235294116,1,0.9176470588235294,0.36470588235294116,0.36470588235294116,1],"shape":"polygon","mode":6},{"vertices":[361.40625,108,354.40625,104,348.40625,102,342.40625,103,337.40625,107,335.40625,110,334.40625,119,337.40625,122,340.40625,127,344.40625,126,352.40625,124,357.40625,123],"colors":[0.8980392156862745,0.8862745098039215,0.6235294117647059,1,0.8980392156862745,0.8862745098039215,0.6235294117647059,1,0.8980392156862745,0.8862745098039215,0.6235294117647059,1,0.8980392156862745,0.8862745098039215,0.6235294117647059,1,0.8980392156862745,0.8862745098039215,0.6235294117647059,1,0.8980392156862745,0.8862745098039215,0.6235294117647059,1,0.8980392156862745,0.8862745098039215,0.6235294117647059,1,0.8980392156862745,0.8862745098039215,0.6235294117647059,1,0.8980392156862745,0.8862745098039215,0.6235294117647059,1,0.8980392156862745,0.8862745098039215,0.6235294117647059,1,0.8980392156862745,0.8862745098039215,0.6235294117647059,1,0.8980392156862745,0.8862745098039215,0.6235294117647059,1,0.8980392156862745,0.8862745098039215,0.6235294117647059,1,0.8980392156862745,0.8862745098039215,0.6235294117647059,1,0.8980392156862745,0.8862745098039215,0.6235294117647059,1,0.8980392156862745,0.8862745098039215,0.6235294117647059,1,0.8980392156862745,0.8862745098039215,0.6235294117647059,1,0.8980392156862745,0.8862745098039215,0.6235294117647059,1,0.8980392156862745,0.8862745098039215,0.6235294117647059,1,0.8980392156862745,0.8862745098039215,0.6235294117647059,1,0.8980392156862745,0.8862745098039215,0.6235294117647059,1,0.8980392156862745,0.8862745098039215,0.6235294117647059,1,0.8980392156862745,0.8862745098039215,0.6235294117647059,1,0.8980392156862745,0.8862745098039215,0.6235294117647059,1],"shape":"polygon","mode":6},{"vertices":[344.40625,119,345.40625,127,346.40625,133,350.40625,140,356.40625,136,360.40625,133,360.40625,122,346.40625,123,345.40625,122,348.40625,120,347.40625,132,351.40625,132,342.40625,133,357.40625,131],